Date,Visitor,AG,Home,HG
2018-10-03,Anaheim Ducks,5,San Jose Sharks,2
2018-10-03,Montreal Canadiens,2,Toronto Maple Leafs,3
2018-10-03,Calgary Flames,2,Vancouver Canucks,5
2018-10-03,Boston Bruins,0,Washington Capitals,7
2018-10-04,Boston Bruins,4,Buffalo Sabres,0
2018-10-04,New York Islanders,2,Carolina Hurricanes,1
2018-10-04,Minnesota Wild,1,Colorado Avalanche,4
2018-10-04,Arizona Coyotes,0,Dallas Stars,3
2018-10-04,Columbus Blue Jackets,3,Detroit Red Wings,2
2018-10-04,Nashville Predators,3,New York Rangers,2
2018-10-04,Chicago Blackhawks,4,Ottawa Senators,3
2018-10-04,Washington Capitals,6,Pittsburgh Penguins,7
2018-10-04,Winnipeg Jets,5,St. Louis Blues,1
2018-10-04,Philadelphia Flyers,5,Vegas Golden Knights,2
2018-10-05,Carolina Hurricanes,3,Columbus Blue Jackets,1
2018-10-05,San Jose Sharks,3,Los Angeles Kings,2
2018-10-06,Anaheim Ducks,1,Arizona Coyotes,0
2018-10-06,New York Rangers,1,Buffalo Sabres,3
2018-10-06,Vancouver Canucks,4,Calgary Flames,7
2018-10-06,Philadelphia Flyers,2,Colorado Avalanche,5
2018-10-06,Winnipeg Jets,1,Dallas Stars,5
2018-10-06,Vegas Golden Knights,2,Minnesota Wild,1
2018-10-06,Edmonton Oilers,2,New Jersey Devils,5
2018-10-06,Nashville Predators,4,New York Islanders,3
2018-10-06,Montreal Canadiens,5,Pittsburgh Penguins,1
2018-10-06,Chicago Blackhawks,5,St. Louis Blues,4
2018-10-06,Florida Panthers,1,Tampa Bay Lightning,2
2018-10-06,Ottawa Senators,5,Toronto Maple Leafs,3
2018-10-07,New York Rangers,5,Carolina Hurricanes,8
2018-10-07,Toronto Maple Leafs,7,Chicago Blackhawks,6
2018-10-07,Detroit Red Wings,2,Los Angeles Kings,4
2018-10-08,Detroit Red Wings,2,Anaheim Ducks,3
2018-10-08,Ottawa Senators,3,Boston Bruins,6
2018-10-08,Vegas Golden Knights,2,Buffalo Sabres,4
2018-10-08,San Jose Sharks,0,New York Islanders,4
2018-10-09,Vancouver Canucks,3,Carolina Hurricanes,5
2018-10-09,Colorado Avalanche,2,Columbus Blue Jackets,5
2018-10-09,Toronto Maple Leafs,7,Dallas Stars,4
2018-10-09,Calgary Flames,3,Nashville Predators,0
2018-10-09,San Jose Sharks,8,Philadelphia Flyers,2
2018-10-09,Los Angeles Kings,1,Winnipeg Jets,2
2018-10-10,Arizona Coyotes,3,Anaheim Ducks,2
2018-10-10,Philadelphia Flyers,7,Ottawa Senators,4
2018-10-10,Vegas Golden Knights,2,Washington Capitals,5
2018-10-11,Edmonton Oilers,1,Boston Bruins,4
2018-10-11,Colorado Avalanche,6,Buffalo Sabres,1
2018-10-11,Toronto Maple Leafs,5,Detroit Red Wings,3
2018-10-11,Columbus Blue Jackets,5,Florida Panthers,4
2018-10-11,Chicago Blackhawks,3,Minnesota Wild,4
2018-10-11,Los Angeles Kings,3,Montreal Canadiens,0
2018-10-11,Washington Capitals,0,New Jersey Devils,6
2018-10-11,Winnipeg Jets,0,Nashville Predators,3
2018-10-11,San Jose Sharks,2,New York Rangers,3
2018-10-11,Vegas Golden Knights,2,Pittsburgh Penguins,4
2018-10-11,Calgary Flames,3,St. Louis Blues,5
2018-10-11,Vancouver Canucks,4,Tampa Bay Lightning,1
2018-10-13,Buffalo Sabres,3,Arizona Coyotes,0
2018-10-13,Detroit Red Wings,2,Boston Bruins,8
2018-10-13,St. Louis Blues,3,Chicago Blackhawks,4
2018-10-13,Calgary Flames,3,Colorado Avalanche,2
2018-10-13,Anaheim Ducks,3,Dallas Stars,5
2018-10-13,Vancouver Canucks,3,Florida Panthers,2
2018-10-13,Carolina Hurricanes,5,Minnesota Wild,4
2018-10-13,Pittsburgh Penguins,3,Montreal Canadiens,4
2018-10-13,New York Islanders,2,Nashville Predators,5
2018-10-13,Edmonton Oilers,2,New York Rangers,1
2018-10-13,Los Angeles Kings,1,Ottawa Senators,5
2018-10-13,Vegas Golden Knights,1,Philadelphia Flyers,0
2018-10-13,Columbus Blue Jackets,2,Tampa Bay Lightning,8
2018-10-13,Toronto Maple Leafs,4,Washington Capitals,2
2018-10-14,San Jose Sharks,2,New Jersey Devils,3
2018-10-14,Anaheim Ducks,3,St. Louis Blues,2
2018-10-14,Carolina Hurricanes,1,Winnipeg Jets,3
2018-10-15,Detroit Red Wings,3,Montreal Canadiens,7
2018-10-15,Minnesota Wild,2,Nashville Predators,4
2018-10-15,Dallas Stars,1,Ottawa Senators,4
2018-10-15,Los Angeles Kings,1,Toronto Maple Leafs,4
2018-10-16,Arizona Coyotes,1,Minnesota Wild,2
2018-10-16,Dallas Stars,0,New Jersey Devils,3
2018-10-16,Colorado Avalanche,2,New York Rangers,3
2018-10-16,Florida Panthers,5,Philadelphia Flyers,6
2018-10-16,Vancouver Canucks,3,Pittsburgh Penguins,2
2018-10-16,Carolina Hurricanes,2,Tampa Bay Lightning,4
2018-10-16,Buffalo Sabres,1,Vegas Golden Knights,4
2018-10-16,Edmonton Oilers,5,Winnipeg Jets,4
2018-10-17,New York Islanders,1,Anaheim Ducks,4
2018-10-17,Boston Bruins,2,Calgary Flames,5
2018-10-17,St. Louis Blues,2,Montreal Canadiens,3
2018-10-17,New York Rangers,3,Washington Capitals,4
2018-10-18,Philadelphia Flyers,3,Columbus Blue Jackets,6
2018-10-18,Arizona Coyotes,4,Chicago Blackhawks,1
2018-10-18,Boston Bruins,2,Edmonton Oilers,3
2018-10-18,New York Islanders,7,Los Angeles Kings,2
2018-10-18,Colorado Avalanche,5,New Jersey Devils,3
2018-10-18,Buffalo Sabres,1,San Jose Sharks,5
2018-10-18,Detroit Red Wings,1,Tampa Bay Lightning,3
2018-10-18,Pittsburgh Penguins,3,Toronto Maple Leafs,0
2018-10-18,Vancouver Canucks,1,Winnipeg Jets,4
2018-10-19,Nashville Predators,5,Calgary Flames,3
2018-10-19,Minnesota Wild,3,Dallas Stars,1
2018-10-19,Florida Panthers,6,Washington Capitals,5
2018-10-20,Colorado Avalanche,3,Carolina Hurricanes,1
2018-10-20,Chicago Blackhawks,4,Columbus Blue Jackets,1
2018-10-20,Nashville Predators,3,Edmonton Oilers,0
2018-10-20,Detroit Red Wings,4,Florida Panthers,3
2018-10-20,Buffalo Sabres,5,Los Angeles Kings,1
2018-10-20,Tampa Bay Lightning,4,Minnesota Wild,5
2018-10-20,Montreal Canadiens,3,Ottawa Senators,4
2018-10-20,New Jersey Devils,2,Philadelphia Flyers,5
2018-10-20,New York Islanders,1,San Jose Sharks,4
2018-10-20,St. Louis Blues,4,Toronto Maple Leafs,1
2018-10-20,Boston Bruins,1,Vancouver Canucks,2
2018-10-20,Anaheim Ducks,1,Vegas Golden Knights,3
2018-10-20,Arizona Coyotes,3,Winnipeg Jets,5
2018-10-21,Buffalo Sabres,4,Anaheim Ducks,2
2018-10-21,Tampa Bay Lightning,6,Chicago Blackhawks,3
2018-10-21,Calgary Flames,4,New York Rangers,1
2018-10-22,Carolina Hurricanes,3,Detroit Red Wings,1
2018-10-22,Colorado Avalanche,4,Philadelphia Flyers,1
2018-10-22,Washington Capitals,5,Vancouver Canucks,2
2018-10-22,St. Louis Blues,4,Winnipeg Jets,5
2018-10-23,Arizona Coyotes,4,Columbus Blue Jackets,1
2018-10-23,Anaheim Ducks,1,Chicago Blackhawks,3
2018-10-23,Los Angeles Kings,2,Dallas Stars,4
2018-10-23,Pittsburgh Penguins,6,Edmonton Oilers,5
2018-10-23,Calgary Flames,2,Montreal Canadiens,3
2018-10-23,San Jose Sharks,5,Nashville Predators,4
2018-10-23,Florida Panthers,2,New York Rangers,5
2018-10-23,Boston Bruins,4,Ottawa Senators,1
2018-10-24,Tampa Bay Lightning,1,Colorado Avalanche,0
2018-10-24,Florida Panthers,3,New York Islanders,2
2018-10-24,Vancouver Canucks,3,Vegas Golden Knights,2
2018-10-24,Toronto Maple Leafs,4,Winnipeg Jets,2
2018-10-25,Vancouver Canucks,1,Arizona Coyotes,4
2018-10-25,Philadelphia Flyers,0,Boston Bruins,3
2018-10-25,Montreal Canadiens,3,Buffalo Sabres,4
2018-10-25,Pittsburgh Penguins,9,Calgary Flames,1
2018-10-25,New York Rangers,1,Chicago Blackhawks,4
2018-10-25,Anaheim Ducks,2,Dallas Stars,5
2018-10-25,Washington Capitals,1,Edmonton Oilers,4
2018-10-25,Los Angeles Kings,1,Minnesota Wild,4
2018-10-25,Nashville Predators,4,New Jersey Devils,3
2018-10-25,Columbus Blue Jackets,7,St. Louis Blues,4
2018-10-26,San Jose Sharks,3,Carolina Hurricanes,4
2018-10-26,Ottawa Senators,3,Colorado Avalanche,6
2018-10-26,Winnipeg Jets,2,Detroit Red Wings,1
2018-10-26,Tampa Bay Lightning,3,Vegas Golden Knights,2
2018-10-27,Tampa Bay Lightning,1,Arizona Coyotes,7
2018-10-27,Montreal Canadiens,3,Boston Bruins,0
2018-10-27,Buffalo Sabres,4,Columbus Blue Jackets,5
2018-10-27,Washington Capitals,4,Calgary Flames,3
2018-10-27,Colorado Avalanche,2,Minnesota Wild,3
2018-10-27,Florida Panthers,2,New Jersey Devils,3
2018-10-27,Edmonton Oilers,5,Nashville Predators,3
2018-10-27,New York Islanders,6,Philadelphia Flyers,1
2018-10-27,Chicago Blackhawks,3,St. Louis Blues,7
2018-10-27,Winnipeg Jets,2,Toronto Maple Leafs,3
2018-10-27,Pittsburgh Penguins,5,Vancouver Canucks,0
2018-10-28,San Jose Sharks,4,Anaheim Ducks,3
2018-10-28,New York Islanders,2,Carolina Hurricanes,1
2018-10-28,Edmonton Oilers,2,Chicago Blackhawks,1
2018-10-28,Dallas Stars,2,Detroit Red Wings,4
2018-10-28,New York Rangers,3,Los Angeles Kings,4
2018-10-28,Ottawa Senators,3,Vegas Golden Knights,4
2018-10-29,Calgary Flames,3,Toronto Maple Leafs,1
2018-10-29,Minnesota Wild,2,Vancouver Canucks,5
2018-10-30,Philadelphia Flyers,3,Anaheim Ducks,2
2018-10-30,Ottawa Senators,1,Arizona Coyotes,5
2018-10-30,Calgary Flames,2,Buffalo Sabres,1
2018-10-30,Boston Bruins,3,Carolina Hurricanes,2
2018-10-30,Detroit Red Wings,5,Columbus Blue Jackets,3
2018-10-30,Minnesota Wild,4,Edmonton Oilers,3
2018-10-30,Dallas Stars,4,Montreal Canadiens,1
2018-10-30,Vegas Golden Knights,1,Nashville Predators,4
2018-10-30,New York Islanders,6,Pittsburgh Penguins,3
2018-10-30,New York Rangers,4,San Jose Sharks,3
2018-10-30,New Jersey Devils,3,Tampa Bay Lightning,8
2018-10-31,Chicago Blackhawks,2,Vancouver Canucks,4
2018-11-01,New York Rangers,3,Anaheim Ducks,2
2018-11-01,Colorado Avalanche,5,Calgary Flames,6
2018-11-01,New Jersey Devils,3,Detroit Red Wings,4
2018-11-01,Chicago Blackhawks,0,Edmonton Oilers,4
2018-11-01,Winnipeg Jets,4,Florida Panthers,2
2018-11-01,Philadelphia Flyers,5,Los Angeles Kings,2
2018-11-01,Washington Capitals,4,Montreal Canadiens,6
2018-11-01,Pittsburgh Penguins,2,New York Islanders,3
2018-11-01,Buffalo Sabres,2,Ottawa Senators,4
2018-11-01,Columbus Blue Jackets,4,San Jose Sharks,1
2018-11-01,Vegas Golden Knights,3,St. Louis Blues,5
2018-11-01,Nashville Predators,4,Tampa Bay Lightning,1
2018-11-01,Dallas Stars,2,Toronto Maple Leafs,1
2018-11-02,Carolina Hurricanes,3,Arizona Coyotes,4
2018-11-02,Colorado Avalanche,6,Vancouver Canucks,7
2018-11-02,Florida Panthers,4,Winnipeg Jets,2
2018-11-03,Ottawa Senators,2,Buffalo Sabres,9
2018-11-03,Chicago Blackhawks,3,Calgary Flames,5
2018-11-03,Edmonton Oilers,4,Detroit Red Wings,3
2018-11-03,Columbus Blue Jackets,1,Los Angeles Kings,4
2018-11-03,Tampa Bay Lightning,4,Montreal Canadiens,1
2018-11-03,Boston Bruins,0,Nashville Predators,1
2018-11-03,New Jersey Devils,0,New York Islanders,3
2018-11-03,Toronto Maple Leafs,5,Pittsburgh Penguins,0
2018-11-03,Philadelphia Flyers,3,San Jose Sharks,4
2018-11-03,Minnesota Wild,5,St. Louis Blues,1
2018-11-03,Carolina Hurricanes,0,Vegas Golden Knights,3
2018-11-03,Dallas Stars,4,Washington Capitals,3
2018-11-04,Columbus Blue Jackets,2,Anaheim Ducks,3
2018-11-04,Buffalo Sabres,1,New York Rangers,3
2018-11-04,Tampa Bay Lightning,4,Ottawa Senators,3
2018-11-05,Philadelphia Flyers,5,Arizona Coyotes,2
2018-11-05,Dallas Stars,1,Boston Bruins,2
2018-11-05,Montreal Canadiens,4,New York Islanders,3
2018-11-05,New Jersey Devils,5,Pittsburgh Penguins,1
2018-11-05,Edmonton Oilers,2,Washington Capitals,4
2018-11-06,Dallas Stars,1,Columbus Blue Jackets,4
2018-11-06,Vancouver Canucks,2,Detroit Red Wings,3
2018-11-06,Anaheim Ducks,1,Los Angeles Kings,4
2018-11-06,Montreal Canadiens,3,New York Rangers,5
2018-11-06,New Jersey Devils,3,Ottawa Senators,7
2018-11-06,Minnesota Wild,3,San Jose Sharks,4
2018-11-06,Carolina Hurricanes,1,St. Louis Blues,4
2018-11-06,Edmonton Oilers,2,Tampa Bay Lightning,5
2018-11-06,Vegas Golden Knights,1,Toronto Maple Leafs,3
2018-11-07,Calgary Flames,2,Anaheim Ducks,3
2018-11-07,Nashville Predators,4,Colorado Avalanche,1
2018-11-07,Pittsburgh Penguins,1,Washington Capitals,2
2018-11-08,Vancouver Canucks,8,Boston Bruins,5
2018-11-08,Carolina Hurricanes,4,Chicago Blackhawks,3
2018-11-08,San Jose Sharks,3,Dallas Stars,4
2018-11-08,Edmonton Oilers,1,Florida Panthers,4
2018-11-08,Minnesota Wild,3,Los Angeles Kings,1
2018-11-08,Buffalo Sabres,6,Montreal Canadiens,5
2018-11-08,Vegas Golden Knights,5,Ottawa Senators,3
2018-11-08,Arizona Coyotes,4,Philadelphia Flyers,5
2018-11-08,New York Islanders,2,Tampa Bay Lightning,4
2018-11-09,Minnesota Wild,5,Anaheim Ducks,1
2018-11-09,New York Rangers,2,Detroit Red Wings,3
2018-11-09,San Jose Sharks,0,St. Louis Blues,4
2018-11-09,New Jersey Devils,1,Toronto Maple Leafs,6
2018-11-09,Colorado Avalanche,2,Winnipeg Jets,5
2018-11-09,Columbus Blue Jackets,2,Washington Capitals,1
2018-11-10,Toronto Maple Leafs,1,Boston Bruins,5
2018-11-10,Vancouver Canucks,3,Buffalo Sabres,4
2018-11-10,Detroit Red Wings,4,Carolina Hurricanes,3
2018-11-10,New York Rangers,5,Columbus Blue Jackets,4
2018-11-10,Nashville Predators,5,Dallas Stars,4
2018-11-10,New York Islanders,2,Florida Panthers,4
2018-11-10,Calgary Flames,1,Los Angeles Kings,0
2018-11-10,Vegas Golden Knights,4,Montreal Canadiens,5
2018-11-10,Chicago Blackhawks,0,Philadelphia Flyers,4
2018-11-10,Arizona Coyotes,0,Pittsburgh Penguins,4
2018-11-10,Ottawa Senators,6,Tampa Bay Lightning,4
2018-11-11,Vegas Golden Knights,1,Boston Bruins,4
2018-11-11,Colorado Avalanche,4,Edmonton Oilers,1
2018-11-11,Ottawa Senators,1,Florida Panthers,5
2018-11-11,Calgary Flames,1,San Jose Sharks,3
2018-11-11,Minnesota Wild,3,St. Louis Blues,2
2018-11-11,New Jersey Devils,2,Winnipeg Jets,5
2018-11-11,Arizona Coyotes,4,Washington Capitals,1
2018-11-12,Nashville Predators,1,Anaheim Ducks,2
2018-11-12,Chicago Blackhawks,2,Carolina Hurricanes,3
2018-11-12,Columbus Blue Jackets,2,Dallas Stars,1
2018-11-12,Vancouver Canucks,1,New York Rangers,2
2018-11-13,Tampa Bay Lightning,1,Buffalo Sabres,2
2018-11-13,Arizona Coyotes,1,Detroit Red Wings,6
2018-11-13,Montreal Canadiens,2,Edmonton Oilers,6
2018-11-13,Toronto Maple Leafs,5,Los Angeles Kings,1
2018-11-13,Washington Capitals,5,Minnesota Wild,2
2018-11-13,Pittsburgh Penguins,2,New Jersey Devils,4
2018-11-13,Vancouver Canucks,2,New York Islanders,5
2018-11-13,Florida Panthers,2,Philadelphia Flyers,1
2018-11-13,Nashville Predators,4,San Jose Sharks,5
2018-11-14,St. Louis Blues,0,Chicago Blackhawks,1
2018-11-14,Boston Bruins,3,Colorado Avalanche,6
2018-11-14,Anaheim Ducks,0,Vegas Golden Knights,5
2018-11-14,Washington Capitals,1,Winnipeg Jets,3
2018-11-15,Nashville Predators,1,Arizona Coyotes,2
2018-11-15,Florida Panthers,3,Columbus Blue Jackets,7
2018-11-15,Montreal Canadiens,3,Calgary Flames,2
2018-11-15,Vancouver Canucks,2,Minnesota Wild,6
2018-11-15,New York Rangers,5,New York Islanders,7
2018-11-15,Detroit Red Wings,1,Ottawa Senators,2
2018-11-15,New Jersey Devils,3,Philadelphia Flyers,0
2018-11-15,Tampa Bay Lightning,4,Pittsburgh Penguins,3
2018-11-15,Toronto Maple Leafs,5,San Jose Sharks,3
2018-11-16,Toronto Maple Leafs,2,Anaheim Ducks,1
2018-11-16,Los Angeles Kings,2,Chicago Blackhawks,1
2018-11-16,Washington Capitals,3,Colorado Avalanche,2
2018-11-16,Boston Bruins,0,Dallas Stars,1
2018-11-16,St. Louis Blues,4,Vegas Golden Knights,1
2018-11-16,Buffalo Sabres,2,Winnipeg Jets,1
2018-11-17,Boston Bruins,2,Arizona Coyotes,1
2018-11-17,Columbus Blue Jackets,4,Carolina Hurricanes,1
2018-11-17,Edmonton Oilers,2,Calgary Flames,4
2018-11-17,Buffalo Sabres,3,Minnesota Wild,2
2018-11-17,Detroit Red Wings,3,New Jersey Devils,2
2018-11-17,Los Angeles Kings,3,Nashville Predators,5
2018-11-17,Florida Panthers,2,New York Rangers,4
2018-11-17,Pittsburgh Penguins,4,Ottawa Senators,6
2018-11-17,Tampa Bay Lightning,6,Philadelphia Flyers,5
2018-11-17,St. Louis Blues,0,San Jose Sharks,4
2018-11-17,Montreal Canadiens,3,Vancouver Canucks,2
2018-11-18,Colorado Avalanche,4,Anaheim Ducks,3
2018-11-18,New Jersey Devils,1,Carolina Hurricanes,2
2018-11-18,Minnesota Wild,1,Chicago Blackhawks,3
2018-11-18,Vegas Golden Knights,6,Edmonton Oilers,3
2018-11-18,Dallas Stars,6,New York Islanders,2
2018-11-19,Vegas Golden Knights,2,Calgary Flames,7
2018-11-19,Washington Capitals,5,Montreal Canadiens,4
2018-11-19,Tampa Bay Lightning,2,Nashville Predators,3
2018-11-19,Dallas Stars,1,New York Rangers,2
2018-11-19,Florida Panthers,7,Ottawa Senators,5
2018-11-19,Buffalo Sabres,5,Pittsburgh Penguins,4
2018-11-19,Los Angeles Kings,2,St. Louis Blues,0
2018-11-19,Columbus Blue Jackets,2,Toronto Maple Leafs,4
2018-11-19,Winnipeg Jets,6,Vancouver Canucks,3
2018-11-20,Edmonton Oilers,4,San Jose Sharks,3
2018-11-21,Vancouver Canucks,3,Anaheim Ducks,4
2018-11-21,Vegas Golden Knights,3,Arizona Coyotes,2
2018-11-21,Philadelphia Flyers,2,Buffalo Sabres,5
2018-11-21,Toronto Maple Leafs,2,Carolina Hurricanes,5
2018-11-21,Winnipeg Jets,3,Calgary Flames,6
2018-11-21,Boston Bruins,2,Detroit Red Wings,3
2018-11-21,Colorado Avalanche,7,Los Angeles Kings,3
2018-11-21,Ottawa Senators,4,Minnesota Wild,6
2018-11-21,Montreal Canadiens,2,New Jersey Devils,5
2018-11-21,St. Louis Blues,1,Nashville Predators,4
2018-11-21,New York Islanders,0,New York Rangers,5
2018-11-21,Dallas Stars,1,Pittsburgh Penguins,5
2018-11-21,Florida Panthers,3,Tampa Bay Lightning,7
2018-11-21,Chicago Blackhawks,2,Washington Capitals,4
2018-11-23,Edmonton Oilers,1,Anaheim Ducks,2
2018-11-23,Colorado Avalanche,5,Arizona Coyotes,1
2018-11-23,Pittsburgh Penguins,1,Boston Bruins,2
2018-11-23,Montreal Canadiens,2,Buffalo Sabres,3
2018-11-23,Florida Panthers,1,Carolina Hurricanes,4
2018-11-23,Toronto Maple Leafs,2,Columbus Blue Jackets,4
2018-11-23,Ottawa Senators,4,Dallas Stars,6
2018-11-23,Winnipeg Jets,2,Minnesota Wild,4
2018-11-23,New York Islanders,4,New Jersey Devils,3
2018-11-23,New York Rangers,0,Philadelphia Flyers,4
2018-11-23,Vancouver Canucks,0,San Jose Sharks,4
2018-11-23,Nashville Predators,2,St. Louis Blues,6
2018-11-23,Chicago Blackhawks,2,Tampa Bay Lightning,4
2018-11-23,Calgary Flames,0,Vegas Golden Knights,2
2018-11-23,Detroit Red Wings,1,Washington Capitals,3
2018-11-24,Dallas Stars,2,Colorado Avalanche,3
2018-11-24,Buffalo Sabres,3,Detroit Red Wings,2
2018-11-24,Chicago Blackhawks,5,Florida Panthers,4
2018-11-24,Vancouver Canucks,4,Los Angeles Kings,2
2018-11-24,Boston Bruins,3,Montreal Canadiens,2
2018-11-24,Carolina Hurricanes,1,New York Islanders,4
2018-11-24,Washington Capitals,5,New York Rangers,3
2018-11-24,Columbus Blue Jackets,2,Pittsburgh Penguins,4
2018-11-24,Winnipeg Jets,8,St. Louis Blues,4
2018-11-24,Philadelphia Flyers,0,Toronto Maple Leafs,6
2018-11-24,San Jose Sharks,0,Vegas Golden Knights,6
2018-11-25,Calgary Flames,6,Arizona Coyotes,1
2018-11-25,Edmonton Oilers,2,Los Angeles Kings,5
2018-11-25,Anaheim Ducks,2,Nashville Predators,5
2018-11-25,New Jersey Devils,2,Tampa Bay Lightning,5
2018-11-26,Columbus Blue Jackets,7,Detroit Red Wings,5
2018-11-26,New Jersey Devils,3,Florida Panthers,4
2018-11-26,Washington Capitals,4,New York Islanders,1
2018-11-26,Ottawa Senators,2,New York Rangers,4
2018-11-26,Boston Bruins,2,Toronto Maple Leafs,4
2018-11-27,San Jose Sharks,2,Buffalo Sabres,3
2018-11-27,Vegas Golden Knights,8,Chicago Blackhawks,3
2018-11-27,Dallas Stars,0,Edmonton Oilers,1
2018-11-27,Arizona Coyotes,4,Minnesota Wild,3
2018-11-27,Carolina Hurricanes,2,Montreal Canadiens,1
2018-11-27,Colorado Avalanche,3,Nashville Predators,2
2018-11-27,Ottawa Senators,4,Philadelphia Flyers,3
2018-11-27,Anaheim Ducks,3,Tampa Bay Lightning,1
2018-11-27,Los Angeles Kings,2,Vancouver Canucks,1
2018-11-27,Pittsburgh Penguins,4,Winnipeg Jets,3
2018-11-28,Dallas Stars,4,Calgary Flames,3
2018-11-28,Pittsburgh Penguins,3,Colorado Avalanche,6
2018-11-28,St. Louis Blues,3,Detroit Red Wings,4
2018-11-28,Anaheim Ducks,3,Florida Panthers,2
2018-11-28,San Jose Sharks,3,Toronto Maple Leafs,5
2018-11-29,New York Islanders,1,Boston Bruins,2
2018-11-29,Minnesota Wild,2,Columbus Blue Jackets,4
2018-11-29,Los Angeles Kings,2,Edmonton Oilers,3
2018-11-29,Arizona Coyotes,3,Nashville Predators,0
2018-11-29,New York Rangers,0,Ottawa Senators,3
2018-11-29,Buffalo Sabres,4,Tampa Bay Lightning,5
2018-11-29,Vegas Golden Knights,4,Vancouver Canucks,3
2018-11-29,Chicago Blackhawks,5,Winnipeg Jets,6
2018-11-30,Anaheim Ducks,2,Carolina Hurricanes,1
2018-11-30,Los Angeles Kings,1,Calgary Flames,4
2018-11-30,St. Louis Blues,3,Colorado Avalanche,2
2018-11-30,Buffalo Sabres,2,Florida Panthers,3
2018-11-30,New Jersey Devils,3,Washington Capitals,6
2018-12-01,St. Louis Blues,1,Arizona Coyotes,6
2018-12-01,Detroit Red Wings,4,Boston Bruins,2
2018-12-01,Vegas Golden Knights,1,Edmonton Oilers,2
2018-12-01,Tampa Bay Lightning,5,Florida Panthers,4
2018-12-01,Toronto Maple Leafs,5,Minnesota Wild,3
2018-12-01,New York Rangers,2,Montreal Canadiens,5
2018-12-01,Winnipeg Jets,4,New Jersey Devils,3
2018-12-01,Chicago Blackhawks,2,Nashville Predators,5
2018-12-01,Columbus Blue Jackets,2,New York Islanders,3
2018-12-01,San Jose Sharks,2,Ottawa Senators,6
2018-12-01,Philadelphia Flyers,4,Pittsburgh Penguins,2
2018-12-01,Dallas Stars,2,Vancouver Canucks,1
2018-12-02,Calgary Flames,3,Chicago Blackhawks,2
2018-12-02,Colorado Avalanche,2,Detroit Red Wings,0
2018-12-02,Carolina Hurricanes,0,Los Angeles Kings,2
2018-12-02,San Jose Sharks,3,Montreal Canadiens,1
2018-12-02,Winnipeg Jets,4,New York Rangers,3
2018-12-02,Anaheim Ducks,6,Washington Capitals,5
2018-12-03,Edmonton Oilers,1,Dallas Stars,4
2018-12-03,Tampa Bay Lightning,5,New Jersey Devils,1
2018-12-03,Buffalo Sabres,1,Nashville Predators,2
2018-12-04,Toronto Maple Leafs,4,Buffalo Sabres,3
2018-12-04,Calgary Flames,9,Columbus Blue Jackets,6
2018-12-04,Tampa Bay Lightning,6,Detroit Red Wings,5
2018-12-04,Boston Bruins,0,Florida Panthers,5
2018-12-04,Arizona Coyotes,2,Los Angeles Kings,1
2018-12-04,Ottawa Senators,2,Montreal Canadiens,5
2018-12-04,Winnipeg Jets,3,New York Islanders,1
2018-12-04,Colorado Avalanche,3,Pittsburgh Penguins,6
2018-12-04,Minnesota Wild,3,Vancouver Canucks,2
2018-12-04,Washington Capitals,3,Vegas Golden Knights,5
2018-12-05,Chicago Blackhawks,2,Anaheim Ducks,4
2018-12-05,Carolina Hurricanes,1,San Jose Sharks,5
2018-12-05,Edmonton Oilers,3,St. Louis Blues,2
2018-12-06,Washington Capitals,4,Arizona Coyotes,2
2018-12-06,Minnesota Wild,0,Calgary Flames,2
2018-12-06,Colorado Avalanche,5,Florida Panthers,2
2018-12-06,New Jersey Devils,6,Los Angeles Kings,3
2018-12-06,Montreal Canadiens,5,Ottawa Senators,2
2018-12-06,Columbus Blue Jackets,4,Philadelphia Flyers,3
2018-12-06,New York Islanders,2,Pittsburgh Penguins,6
2018-12-06,Boston Bruins,2,Tampa Bay Lightning,3
2018-12-06,Detroit Red Wings,5,Toronto Maple Leafs,4
2018-12-06,Nashville Predators,3,Vancouver Canucks,5
2018-12-06,Chicago Blackhawks,3,Vegas Golden Knights,4
2018-12-07,Carolina Hurricanes,4,Anaheim Ducks,1
2018-12-07,San Jose Sharks,2,Dallas Stars,3
2018-12-07,Minnesota Wild,2,Edmonton Oilers,7
2018-12-07,St. Louis Blues,1,Winnipeg Jets,0
2018-12-08,San Jose Sharks,5,Arizona Coyotes,3
2018-12-08,Toronto Maple Leafs,3,Boston Bruins,6
2018-12-08,Philadelphia Flyers,6,Buffalo Sabres,2
2018-12-08,Washington Capitals,4,Columbus Blue Jackets,0
2018-12-08,Nashville Predators,2,Calgary Flames,5
2018-12-08,New York Islanders,3,Detroit Red Wings,2
2018-12-08,New York Rangers,5,Florida Panthers,4
2018-12-08,Vegas Golden Knights,1,Los Angeles Kings,5
2018-12-08,Pittsburgh Penguins,1,Ottawa Senators,2
2018-12-08,Colorado Avalanche,1,Tampa Bay Lightning,7
2018-12-09,New Jersey Devils,5,Anaheim Ducks,6
2018-12-09,Montreal Canadiens,3,Chicago Blackhawks,2
2018-12-09,Calgary Flames,0,Edmonton Oilers,1
2018-12-09,Boston Bruins,2,Ottawa Senators,1
2018-12-09,Vancouver Canucks,6,St. Louis Blues,1
2018-12-09,Dallas Stars,2,Vegas Golden Knights,4
2018-12-09,Philadelphia Flyers,1,Winnipeg Jets,7
2018-12-10,Los Angeles Kings,1,Detroit Red Wings,3
2018-12-10,Pittsburgh Penguins,2,New York Islanders,1
2018-12-10,New Jersey Devils,2,San Jose Sharks,5
2018-12-10,New York Rangers,3,Tampa Bay Lightning,6
2018-12-11,Arizona Coyotes,3,Boston Bruins,4
2018-12-11,Los Angeles Kings,3,Buffalo Sabres,4
2018-12-11,Toronto Maple Leafs,4,Carolina Hurricanes,1
2018-12-11,Vancouver Canucks,3,Columbus Blue Jackets,2
2018-12-11,Edmonton Oilers,6,Colorado Avalanche,4
2018-12-11,Montreal Canadiens,1,Minnesota Wild,7
2018-12-11,Ottawa Senators,1,Nashville Predators,3
2018-12-11,Florida Panthers,3,St. Louis Blues,4
2018-12-11,Chicago Blackhawks,3,Winnipeg Jets,6
2018-12-11,Detroit Red Wings,2,Washington Capitals,6
2018-12-12,Dallas Stars,3,Anaheim Ducks,6
2018-12-12,Philadelphia Flyers,5,Calgary Flames,6
2018-12-12,Pittsburgh Penguins,3,Chicago Blackhawks,6
2018-12-12,Vegas Golden Knights,3,New York Islanders,2
2018-12-13,Arizona Coyotes,1,Buffalo Sabres,3
2018-12-13,Los Angeles Kings,1,Columbus Blue Jackets,4
2018-12-13,Florida Panthers,1,Minnesota Wild,5
2018-12-13,Carolina Hurricanes,4,Montreal Canadiens,6
2018-12-13,Vancouver Canucks,3,Nashville Predators,4
2018-12-13,Dallas Stars,2,San Jose Sharks,3
2018-12-13,Toronto Maple Leafs,1,Tampa Bay Lightning,4
2018-12-13,Edmonton Oilers,4,Winnipeg Jets,5
2018-12-14,Washington Capitals,6,Carolina Hurricanes,5
2018-12-14,Winnipeg Jets,4,Chicago Blackhawks,3
2018-12-14,Ottawa Senators,4,Detroit Red Wings,2
2018-12-14,Philadelphia Flyers,1,Edmonton Oilers,4
2018-12-14,Vegas Golden Knights,4,New Jersey Devils,5
2018-12-14,Arizona Coyotes,4,New York Rangers,3
2018-12-14,Boston Bruins,3,Pittsburgh Penguins,5
2018-12-14,Colorado Avalanche,3,St. Louis Blues,4
2018-12-15,Anaheim Ducks,2,Columbus Blue Jackets,1
2018-12-15,Dallas Stars,4,Colorado Avalanche,6
2018-12-15,Toronto Maple Leafs,3,Florida Panthers,4
2018-12-15,Calgary Flames,2,Minnesota Wild,1
2018-12-15,Ottawa Senators,2,Montreal Canadiens,5
2018-12-15,New Jersey Devils,1,Nashville Predators,2
2018-12-15,Detroit Red Wings,3,New York Islanders,4
2018-12-15,Los Angeles Kings,3,Pittsburgh Penguins,4
2018-12-15,Philadelphia Flyers,1,Vancouver Canucks,5
2018-12-15,Buffalo Sabres,3,Washington Capitals,4
2018-12-16,Buffalo Sabres,4,Boston Bruins,2
2018-12-16,Arizona Coyotes,0,Carolina Hurricanes,3
2018-12-16,San Jose Sharks,7,Chicago Blackhawks,3
2018-12-16,Vegas Golden Knights,4,New York Rangers,3
2018-12-16,Calgary Flames,7,St. Louis Blues,2
2018-12-16,Edmonton Oilers,2,Vancouver Canucks,4
2018-12-16,Tampa Bay Lightning,4,Winnipeg Jets,5
2018-12-17,Vegas Golden Knights,0,Columbus Blue Jackets,1
2018-12-17,New York Islanders,4,Colorado Avalanche,1
2018-12-17,Boston Bruins,4,Montreal Canadiens,0
2018-12-17,Nashville Predators,3,Ottawa Senators,4
2018-12-17,Anaheim Ducks,4,Pittsburgh Penguins,2
2018-12-18,New York Islanders,3,Arizona Coyotes,1
2018-12-18,Florida Panthers,5,Buffalo Sabres,2
2018-12-18,Nashville Predators,1,Chicago Blackhawks,2
2018-12-18,Calgary Flames,0,Dallas Stars,2
2018-12-18,St. Louis Blues,4,Edmonton Oilers,1
2018-12-18,Winnipeg Jets,1,Los Angeles Kings,4
2018-12-18,San Jose Sharks,4,Minnesota Wild,0
2018-12-18,Toronto Maple Leafs,7,New Jersey Devils,2
2018-12-18,Anaheim Ducks,1,New York Rangers,3
2018-12-18,Detroit Red Wings,2,Philadelphia Flyers,3
2018-12-18,Tampa Bay Lightning,5,Vancouver Canucks,2
2018-12-19,Montreal Canadiens,1,Colorado Avalanche,2
2018-12-19,Pittsburgh Penguins,2,Washington Capitals,1
2018-12-20,Montreal Canadiens,2,Arizona Coyotes,1
2018-12-20,Anaheim Ducks,1,Boston Bruins,3
2018-12-20,Detroit Red Wings,4,Carolina Hurricanes,1
2018-12-20,New Jersey Devils,1,Columbus Blue Jackets,2
2018-12-20,Tampa Bay Lightning,5,Calgary Flames,4
2018-12-20,Chicago Blackhawks,5,Dallas Stars,2
2018-12-20,Nashville Predators,1,Philadelphia Flyers,2
2018-12-20,Minnesota Wild,1,Pittsburgh Penguins,2
2018-12-20,Winnipeg Jets,5,San Jose Sharks,3
2018-12-20,Florida Panthers,1,Toronto Maple Leafs,6
2018-12-20,St. Louis Blues,1,Vancouver Canucks,5
2018-12-20,New York Islanders,2,Vegas Golden Knights,4
2018-12-21,Chicago Blackhawks,2,Colorado Avalanche,1
2018-12-21,Ottawa Senators,2,New Jersey Devils,5
2018-12-21,Buffalo Sabres,1,Washington Capitals,2
2018-12-22,Colorado Avalanche,4,Arizona Coyotes,6
2018-12-22,Nashville Predators,2,Boston Bruins,5
2018-12-22,Anaheim Ducks,0,Buffalo Sabres,3
2018-12-22,Pittsburgh Penguins,3,Carolina Hurricanes,0
2018-12-22,St. Louis Blues,3,Calgary Flames,1
2018-12-22,Florida Panthers,2,Detroit Red Wings,1
2018-12-22,Tampa Bay Lightning,6,Edmonton Oilers,3
2018-12-22,Dallas Stars,2,Minnesota Wild,1
2018-12-22,Washington Capitals,4,Ottawa Senators,0
2018-12-22,Columbus Blue Jackets,4,Philadelphia Flyers,3
2018-12-22,Los Angeles Kings,3,San Jose Sharks,2
2018-12-22,New York Rangers,3,Toronto Maple Leafs,5
2018-12-22,Winnipeg Jets,1,Vancouver Canucks,0
2018-12-22,Montreal Canadiens,4,Vegas Golden Knights,3
2018-12-23,Boston Bruins,3,Carolina Hurricanes,5
2018-12-23,Florida Panthers,6,Chicago Blackhawks,3
2018-12-23,New York Islanders,3,Dallas Stars,1
2018-12-23,Columbus Blue Jackets,3,New Jersey Devils,0
2018-12-23,Philadelphia Flyers,3,New York Rangers,2
2018-12-23,Arizona Coyotes,4,San Jose Sharks,3
2018-12-23,Detroit Red Wings,4,Toronto Maple Leafs,5
2018-12-23,Los Angeles Kings,4,Vegas Golden Knights,3
2018-12-27,New Jersey Devils,5,Boston Bruins,2
2018-12-27,Minnesota Wild,2,Chicago Blackhawks,5
2018-12-27,Vancouver Canucks,4,Edmonton Oilers,2
2018-12-27,Arizona Coyotes,1,Los Angeles Kings,2
2018-12-27,Dallas Stars,2,Nashville Predators,0
2018-12-27,Columbus Blue Jackets,4,New York Rangers,3
2018-12-27,Detroit Red Wings,2,Pittsburgh Penguins,5
2018-12-27,Anaheim Ducks,2,San Jose Sharks,4
2018-12-27,Buffalo Sabres,1,St. Louis Blues,4
2018-12-27,Philadelphia Flyers,5,Tampa Bay Lightning,6
2018-12-27,Colorado Avalanche,1,Vegas Golden Knights,2
2018-12-27,Calgary Flames,4,Winnipeg Jets,1
2018-12-27,Carolina Hurricanes,1,Washington Capitals,3
2018-12-28,Toronto Maple Leafs,4,Columbus Blue Jackets,2
2018-12-28,Montreal Canadiens,5,Florida Panthers,3
2018-12-28,Ottawa Senators,3,New York Islanders,6
2018-12-29,Arizona Coyotes,5,Anaheim Ducks,4
2018-12-29,Boston Bruins,3,Buffalo Sabres,2
2018-12-29,Vancouver Canucks,3,Calgary Flames,2
2018-12-29,Chicago Blackhawks,3,Colorado Avalanche,2
2018-12-29,Detroit Red Wings,1,Dallas Stars,5
2018-12-29,San Jose Sharks,7,Edmonton Oilers,4
2018-12-29,Philadelphia Flyers,1,Florida Panthers,2
2018-12-29,Vegas Golden Knights,4,Los Angeles Kings,1
2018-12-29,Carolina Hurricanes,0,New Jersey Devils,2
2018-12-29,New York Rangers,4,Nashville Predators,3
2018-12-29,Washington Capitals,3,Ottawa Senators,2
2018-12-29,Pittsburgh Penguins,6,St. Louis Blues,1
2018-12-29,Montreal Canadiens,5,Tampa Bay Lightning,6
2018-12-29,New York Islanders,4,Toronto Maple Leafs,0
2018-12-29,Minnesota Wild,3,Winnipeg Jets,1
2018-12-30,Vegas Golden Knights,5,Arizona Coyotes,1
2018-12-31,Tampa Bay Lightning,2,Anaheim Ducks,1
2018-12-31,New York Islanders,3,Buffalo Sabres,1
2018-12-31,Philadelphia Flyers,1,Carolina Hurricanes,3
2018-12-31,Ottawa Senators,3,Columbus Blue Jackets,6
2018-12-31,San Jose Sharks,5,Calgary Flames,8
2018-12-31,Los Angeles Kings,3,Colorado Avalanche,2
2018-12-31,Montreal Canadiens,3,Dallas Stars,2
2018-12-31,Florida Panthers,4,Detroit Red Wings,3
2018-12-31,Winnipeg Jets,4,Edmonton Oilers,3
2018-12-31,Pittsburgh Penguins,3,Minnesota Wild,2
2018-12-31,Vancouver Canucks,0,New Jersey Devils,4
2018-12-31,New York Rangers,2,St. Louis Blues,1
2018-12-31,Nashville Predators,6,Washington Capitals,3
2019-01-01,Boston Bruins,4,Chicago Blackhawks,2
2019-01-01,Philadelphia Flyers,0,Nashville Predators,4
2019-01-01,Los Angeles Kings,0,Vegas Golden Knights,2
2019-01-02,Edmonton Oilers,3,Arizona Coyotes,1
2019-01-02,San Jose Sharks,5,Colorado Avalanche,4
2019-01-02,New Jersey Devils,4,Dallas Stars,5
2019-01-02,Calgary Flames,5,Detroit Red Wings,3
2019-01-02,Pittsburgh Penguins,7,New York Rangers,2
2019-01-02,Vancouver Canucks,4,Ottawa Senators,3
2019-01-03,Calgary Flames,4,Boston Bruins,6
2019-01-03,Florida Panthers,3,Buffalo Sabres,4
2019-01-03,Tampa Bay Lightning,6,Los Angeles Kings,2
2019-01-03,Vancouver Canucks,0,Montreal Canadiens,2
2019-01-03,Chicago Blackhawks,2,New York Islanders,3
2019-01-03,Carolina Hurricanes,5,Philadelphia Flyers,3
2019-01-03,Washington Capitals,2,St. Louis Blues,5
2019-01-03,Minnesota Wild,4,Toronto Maple Leafs,3
2019-01-04,Vegas Golden Knights,3,Anaheim Ducks,2
2019-01-04,New Jersey Devils,3,Arizona Coyotes,2
2019-01-04,Columbus Blue Jackets,2,Carolina Hurricanes,4
2019-01-04,New York Rangers,1,Colorado Avalanche,6
2019-01-04,Washington Capitals,1,Dallas Stars,2
2019-01-04,Nashville Predators,3,Detroit Red Wings,4
2019-01-04,Winnipeg Jets,0,Pittsburgh Penguins,4
2019-01-05,Buffalo Sabres,1,Boston Bruins,2
2019-01-05,Columbus Blue Jackets,4,Florida Panthers,3
2019-01-05,Edmonton Oilers,0,Los Angeles Kings,4
2019-01-05,Nashville Predators,4,Montreal Canadiens,1
2019-01-05,Minnesota Wild,4,Ottawa Senators,3
2019-01-05,Calgary Flames,3,Philadelphia Flyers,2
2019-01-05,Tampa Bay Lightning,2,San Jose Sharks,5
2019-01-05,New York Islanders,4,St. Louis Blues,3
2019-01-05,Vancouver Canucks,0,Toronto Maple Leafs,5
2019-01-06,Edmonton Oilers,4,Anaheim Ducks,0
2019-01-06,New York Rangers,0,Arizona Coyotes,5
2019-01-06,Washington Capitals,3,Detroit Red Wings,2
2019-01-06,Carolina Hurricanes,5,Ottawa Senators,4
2019-01-06,Chicago Blackhawks,5,Pittsburgh Penguins,3
2019-01-06,New Jersey Devils,2,Vegas Golden Knights,3
2019-01-06,Dallas Stars,1,Winnipeg Jets,5
2019-01-07,Calgary Flames,4,Chicago Blackhawks,3
2019-01-07,Minnesota Wild,1,Montreal Canadiens,0
2019-01-07,St. Louis Blues,3,Philadelphia Flyers,0
2019-01-07,Los Angeles Kings,1,San Jose Sharks,3
2019-01-07,Nashville Predators,4,Toronto Maple Leafs,0
2019-01-08,Minnesota Wild,0,Boston Bruins,4
2019-01-08,New Jersey Devils,1,Buffalo Sabres,5
2019-01-08,Montreal Canadiens,3,Detroit Red Wings,2
2019-01-08,Carolina Hurricanes,4,New York Islanders,3
2019-01-08,Florida Panthers,1,Pittsburgh Penguins,5
2019-01-08,Edmonton Oilers,2,San Jose Sharks,7
2019-01-08,Dallas Stars,3,St. Louis Blues,1
2019-01-08,Columbus Blue Jackets,0,Tampa Bay Lightning,4
2019-01-08,New York Rangers,2,Vegas Golden Knights,4
2019-01-08,Colorado Avalanche,4,Winnipeg Jets,7
2019-01-08,Philadelphia Flyers,3,Washington Capitals,5
2019-01-09,Ottawa Senators,2,Anaheim Ducks,1
2019-01-09,Colorado Avalanche,3,Calgary Flames,5
2019-01-09,Nashville Predators,4,Chicago Blackhawks,3
2019-01-10,Washington Capitals,4,Boston Bruins,2
2019-01-10,Nashville Predators,3,Columbus Blue Jackets,4
2019-01-10,Florida Panthers,3,Edmonton Oilers,4
2019-01-10,Ottawa Senators,4,Los Angeles Kings,1
2019-01-10,Winnipeg Jets,2,Minnesota Wild,3
2019-01-10,Toronto Maple Leafs,4,New Jersey Devils,2
2019-01-10,New York Islanders,4,New York Rangers,3
2019-01-10,Dallas Stars,1,Philadelphia Flyers,2
2019-01-10,Montreal Canadiens,1,St. Louis Blues,4
2019-01-10,Carolina Hurricanes,1,Tampa Bay Lightning,3
2019-01-10,Arizona Coyotes,4,Vancouver Canucks,3
2019-01-10,San Jose Sharks,3,Vegas Golden Knights,2
2019-01-11,Pittsburgh Penguins,7,Anaheim Ducks,4
2019-01-11,Buffalo Sabres,3,Carolina Hurricanes,4
2019-01-11,Florida Panthers,3,Calgary Flames,4
2019-01-11,Detroit Red Wings,2,Winnipeg Jets,4
2019-01-12,Tampa Bay Lightning,5,Buffalo Sabres,3
2019-01-12,Vegas Golden Knights,4,Chicago Blackhawks,3
2019-01-12,St. Louis Blues,3,Dallas Stars,1
2019-01-12,Arizona Coyotes,3,Edmonton Oilers,2
2019-01-12,Pittsburgh Penguins,2,Los Angeles Kings,5
2019-01-12,Detroit Red Wings,5,Minnesota Wild,2
2019-01-12,Colorado Avalanche,0,Montreal Canadiens,3
2019-01-12,Philadelphia Flyers,2,New Jersey Devils,3
2019-01-12,New York Rangers,2,New York Islanders,1
2019-01-12,Ottawa Senators,1,San Jose Sharks,4
2019-01-12,Boston Bruins,3,Toronto Maple Leafs,2
2019-01-12,Columbus Blue Jackets,2,Washington Capitals,1
2019-01-13,Nashville Predators,3,Carolina Hurricanes,6
2019-01-13,New York Rangers,5,Columbus Blue Jackets,7
2019-01-13,Arizona Coyotes,1,Calgary Flames,7
2019-01-13,Tampa Bay Lightning,1,New York Islanders,5
2019-01-13,Florida Panthers,1,Vancouver Canucks,5
2019-01-13,Anaheim Ducks,3,Winnipeg Jets,4
2019-01-14,Montreal Canadiens,3,Boston Bruins,2
2019-01-14,Buffalo Sabres,2,Edmonton Oilers,7
2019-01-14,Chicago Blackhawks,5,New Jersey Devils,8
2019-01-14,Minnesota Wild,4,Philadelphia Flyers,7
2019-01-14,Colorado Avalanche,6,Toronto Maple Leafs,3
2019-01-14,St. Louis Blues,4,Washington Capitals,1
2019-01-15,New Jersey Devils,1,Columbus Blue Jackets,4
2019-01-15,Tampa Bay Lightning,2,Dallas Stars,0
2019-01-15,Anaheim Ducks,1,Detroit Red Wings,3
2019-01-15,Los Angeles Kings,2,Minnesota Wild,3
2019-01-15,Florida Panthers,1,Montreal Canadiens,5
2019-01-15,Washington Capitals,2,Nashville Predators,7
2019-01-15,St. Louis Blues,1,New York Islanders,2
2019-01-15,Carolina Hurricanes,2,New York Rangers,6
2019-01-15,Pittsburgh Penguins,2,San Jose Sharks,5
2019-01-15,Vegas Golden Knights,1,Winnipeg Jets,4
2019-01-16,San Jose Sharks,3,Arizona Coyotes,6
2019-01-16,Buffalo Sabres,4,Calgary Flames,3
2019-01-16,Colorado Avalanche,2,Ottawa Senators,5
2019-01-16,Boston Bruins,3,Philadelphia Flyers,4
2019-01-16,Edmonton Oilers,3,Vancouver Canucks,2
2019-01-17,St. Louis Blues,2,Boston Bruins,5
2019-01-17,Los Angeles Kings,2,Dallas Stars,1
2019-01-17,Anaheim Ducks,3,Minnesota Wild,0
2019-01-17,Winnipeg Jets,5,Nashville Predators,1
2019-01-17,New Jersey Devils,1,New York Islanders,4
2019-01-17,Chicago Blackhawks,3,New York Rangers,4
2019-01-17,Toronto Maple Leafs,4,Tampa Bay Lightning,2
2019-01-18,Pittsburgh Penguins,3,Arizona Coyotes,2
2019-01-18,Ottawa Senators,4,Carolina Hurricanes,1
2019-01-18,Montreal Canadiens,4,Columbus Blue Jackets,1
2019-01-18,Detroit Red Wings,4,Calgary Flames,6
2019-01-18,Toronto Maple Leafs,1,Florida Panthers,3
2019-01-18,Buffalo Sabres,3,Vancouver Canucks,4
2019-01-18,New York Islanders,2,Washington Capitals,0
2019-01-19,New York Rangers,3,Boston Bruins,2
2019-01-19,Los Angeles Kings,1,Colorado Avalanche,7
2019-01-19,Winnipeg Jets,2,Dallas Stars,4
2019-01-19,Calgary Flames,5,Edmonton Oilers,2
2019-01-19,Columbus Blue Jackets,1,Minnesota Wild,2
2019-01-19,Philadelphia Flyers,5,Montreal Canadiens,2
2019-01-19,Anaheim Ducks,3,New Jersey Devils,2
2019-01-19,Florida Panthers,4,Nashville Predators,2
2019-01-19,Ottawa Senators,2,St. Louis Blues,3
2019-01-19,San Jose Sharks,3,Tampa Bay Lightning,6
2019-01-19,Pittsburgh Penguins,3,Vegas Golden Knights,7
2019-01-20,Washington Capitals,5,Chicago Blackhawks,8
2019-01-20,Carolina Hurricanes,7,Edmonton Oilers,4
2019-01-20,Anaheim Ducks,0,New York Islanders,3
2019-01-20,Arizona Coyotes,4,Toronto Maple Leafs,2
2019-01-20,Detroit Red Wings,2,Vancouver Canucks,3
2019-01-21,Nashville Predators,4,Colorado Avalanche,1
2019-01-21,San Jose Sharks,2,Florida Panthers,6
2019-01-21,St. Louis Blues,3,Los Angeles Kings,4
2019-01-21,Minnesota Wild,4,Vegas Golden Knights,2
2019-01-22,Carolina Hurricanes,2,Calgary Flames,3
2019-01-22,New York Islanders,2,Chicago Blackhawks,3
2019-01-22,Detroit Red Wings,3,Edmonton Oilers,2
2019-01-22,Arizona Coyotes,3,Ottawa Senators,2
2019-01-22,San Jose Sharks,7,Washington Capitals,6
2019-01-23,St. Louis Blues,5,Anaheim Ducks,1
2019-01-23,Minnesota Wild,5,Colorado Avalanche,2
2019-01-23,Arizona Coyotes,1,Montreal Canadiens,2
2019-01-23,Washington Capitals,3,Toronto Maple Leafs,6
2019-01-23,Carolina Hurricanes,5,Vancouver Canucks,2
2019-01-23,Nashville Predators,2,Vegas Golden Knights,1
2019-01-28,Winnipeg Jets,1,Philadelphia Flyers,3
2019-01-28,New Jersey Devils,6,Pittsburgh Penguins,3
2019-01-29,Winnipeg Jets,4,Boston Bruins,3
2019-01-29,Buffalo Sabres,5,Columbus Blue Jackets,4
2019-01-29,Philadelphia Flyers,1,New York Rangers,0
2019-01-30,Buffalo Sabres,0,Dallas Stars,1
2019-01-30,Tampa Bay Lightning,2,Pittsburgh Penguins,4
2019-01-31,Philadelphia Flyers,3,Boston Bruins,2
2019-01-31,New York Rangers,4,New Jersey Devils,3
2019-01-31,Columbus Blue Jackets,3,Winnipeg Jets,4
2019-02-01,Chicago Blackhawks,7,Buffalo Sabres,3
2019-02-01,Vegas Golden Knights,2,Carolina Hurricanes,5
2019-02-01,Minnesota Wild,1,Dallas Stars,3
2019-02-01,Toronto Maple Leafs,2,Detroit Red Wings,3
2019-02-01,Nashville Predators,4,Florida Panthers,1
2019-02-01,Tampa Bay Lightning,1,New York Islanders,0
2019-02-01,Ottawa Senators,3,Pittsburgh Penguins,5
2019-02-01,Calgary Flames,3,Washington Capitals,4
2019-02-02,St. Louis Blues,4,Columbus Blue Jackets,2
2019-02-02,Vancouver Canucks,5,Colorado Avalanche,1
2019-02-02,Vegas Golden Knights,1,Florida Panthers,3
2019-02-02,Chicago Blackhawks,4,Minnesota Wild,3
2019-02-02,New Jersey Devils,3,Montreal Canadiens,2
2019-02-02,Dallas Stars,3,Nashville Predators,1
2019-02-02,Los Angeles Kings,2,New York Islanders,4
2019-02-02,Tampa Bay Lightning,3,New York Rangers,2
2019-02-02,Detroit Red Wings,2,Ottawa Senators,0
2019-02-02,Edmonton Oilers,4,Philadelphia Flyers,5
2019-02-02,Arizona Coyotes,2,San Jose Sharks,3
2019-02-02,Pittsburgh Penguins,2,Toronto Maple Leafs,3
2019-02-02,Anaheim Ducks,3,Winnipeg Jets,9
2019-02-03,Calgary Flames,4,Carolina Hurricanes,3
2019-02-03,Edmonton Oilers,3,Montreal Canadiens,4
2019-02-03,Boston Bruins,1,Washington Capitals,0
2019-02-04,Arizona Coyotes,4,Dallas Stars,5
2019-02-04,Los Angeles Kings,4,New York Rangers,3
2019-02-04,Vancouver Canucks,1,Philadelphia Flyers,2
2019-02-04,Anaheim Ducks,1,Toronto Maple Leafs,6
2019-02-05,New York Islanders,1,Boston Bruins,3
2019-02-05,Minnesota Wild,4,Buffalo Sabres,5
2019-02-05,Columbus Blue Jackets,6,Colorado Avalanche,3
2019-02-05,Chicago Blackhawks,6,Edmonton Oilers,2
2019-02-05,St. Louis Blues,3,Florida Panthers,2
2019-02-05,Anaheim Ducks,1,Montreal Canadiens,4
2019-02-05,Los Angeles Kings,5,New Jersey Devils,1
2019-02-05,Arizona Coyotes,2,Nashville Predators,5
2019-02-05,Carolina Hurricanes,4,Pittsburgh Penguins,0
2019-02-05,Vegas Golden Knights,3,Tampa Bay Lightning,2
2019-02-05,San Jose Sharks,3,Winnipeg Jets,2
2019-02-05,Vancouver Canucks,2,Washington Capitals,3
2019-02-06,Boston Bruins,3,New York Rangers,4
2019-02-06,Ottawa Senators,4,Toronto Maple Leafs,5
2019-02-07,Columbus Blue Jackets,4,Arizona Coyotes,2
2019-02-07,Carolina Hurricanes,6,Buffalo Sabres,5
2019-02-07,San Jose Sharks,5,Calgary Flames,2
2019-02-07,Vancouver Canucks,3,Chicago Blackhawks,4
2019-02-07,Vegas Golden Knights,4,Detroit Red Wings,3
2019-02-07,Pittsburgh Penguins,2,Florida Panthers,3
2019-02-07,Edmonton Oilers,4,Minnesota Wild,1
2019-02-07,Winnipeg Jets,2,Montreal Canadiens,5
2019-02-07,New York Islanders,2,New Jersey Devils,1
2019-02-07,Dallas Stars,2,Nashville Predators,3
2019-02-07,Anaheim Ducks,0,Ottawa Senators,4
2019-02-07,Los Angeles Kings,3,Philadelphia Flyers,2
2019-02-07,St. Louis Blues,1,Tampa Bay Lightning,0
2019-02-07,Colorado Avalanche,3,Washington Capitals,4
2019-02-08,Carolina Hurricanes,3,New York Rangers,0
2019-02-09,Dallas Stars,2,Arizona Coyotes,3
2019-02-09,Los Angeles Kings,4,Boston Bruins,5
2019-02-09,Detroit Red Wings,1,Buffalo Sabres,3
2019-02-09,San Jose Sharks,5,Edmonton Oilers,2
2019-02-09,Toronto Maple Leafs,4,Montreal Canadiens,3
2019-02-09,Minnesota Wild,4,New Jersey Devils,2
2019-02-09,Colorado Avalanche,3,New York Islanders,4
2019-02-09,Winnipeg Jets,2,Ottawa Senators,5
2019-02-09,Anaheim Ducks,2,Philadelphia Flyers,6
2019-02-09,Nashville Predators,2,St. Louis Blues,3
2019-02-09,Pittsburgh Penguins,4,Tampa Bay Lightning,5
2019-02-09,Calgary Flames,3,Vancouver Canucks,4
2019-02-09,Columbus Blue Jackets,4,Vegas Golden Knights,3
2019-02-09,Florida Panthers,5,Washington Capitals,4
2019-02-10,Colorado Avalanche,1,Boston Bruins,2
2019-02-10,Winnipeg Jets,3,Buffalo Sabres,1
2019-02-10,Detroit Red Wings,2,Chicago Blackhawks,5
2019-02-10,Tampa Bay Lightning,5,Florida Panthers,2
2019-02-10,Carolina Hurricanes,2,New Jersey Devils,3
2019-02-10,St. Louis Blues,5,Nashville Predators,4
2019-02-10,Minnesota Wild,1,New York Islanders,2
2019-02-10,Toronto Maple Leafs,1,New York Rangers,4
2019-02-11,Pittsburgh Penguins,4,Philadelphia Flyers,1
2019-02-11,San Jose Sharks,7,Vancouver Canucks,2
2019-02-11,Los Angeles Kings,4,Washington Capitals,6
2019-02-12,Chicago Blackhawks,3,Boston Bruins,6
2019-02-12,New York Islanders,1,Buffalo Sabres,3
2019-02-12,Washington Capitals,0,Columbus Blue Jackets,3
2019-02-12,Toronto Maple Leafs,5,Colorado Avalanche,2
2019-02-12,Dallas Stars,3,Florida Panthers,0
2019-02-12,Philadelphia Flyers,5,Minnesota Wild,4
2019-02-12,Detroit Red Wings,3,Nashville Predators,2
2019-02-12,Carolina Hurricanes,4,Ottawa Senators,1
2019-02-12,New Jersey Devils,3,St. Louis Blues,8
2019-02-12,Calgary Flames,3,Tampa Bay Lightning,6
2019-02-12,Arizona Coyotes,5,Vegas Golden Knights,2
2019-02-12,New York Rangers,3,Winnipeg Jets,4
2019-02-13,Vancouver Canucks,0,Anaheim Ducks,1
2019-02-13,Edmonton Oilers,1,Pittsburgh Penguins,3
2019-02-14,St. Louis Blues,4,Arizona Coyotes,0
2019-02-14,New York Islanders,3,Columbus Blue Jackets,0
2019-02-14,New Jersey Devils,2,Chicago Blackhawks,5
2019-02-14,Ottawa Senators,2,Detroit Red Wings,3
2019-02-14,Calgary Flames,2,Florida Panthers,3
2019-02-14,Vancouver Canucks,4,Los Angeles Kings,3
2019-02-14,Montreal Canadiens,1,Nashville Predators,3
2019-02-14,Washington Capitals,5,San Jose Sharks,1
2019-02-14,Dallas Stars,0,Tampa Bay Lightning,6
2019-02-14,Toronto Maple Leafs,6,Vegas Golden Knights,3
2019-02-14,Colorado Avalanche,4,Winnipeg Jets,1
2019-02-15,Boston Bruins,3,Anaheim Ducks,0
2019-02-15,New York Rangers,6,Buffalo Sabres,2
2019-02-15,Edmonton Oilers,1,Carolina Hurricanes,3
2019-02-15,New Jersey Devils,5,Minnesota Wild,4
2019-02-16,Toronto Maple Leafs,0,Arizona Coyotes,2
2019-02-16,Dallas Stars,0,Carolina Hurricanes,3
2019-02-16,Columbus Blue Jackets,5,Chicago Blackhawks,2
2019-02-16,St. Louis Blues,3,Colorado Avalanche,0
2019-02-16,Boston Bruins,4,Los Angeles Kings,2
2019-02-16,Edmonton Oilers,2,New York Islanders,5
2019-02-16,Detroit Red Wings,5,Philadelphia Flyers,6
2019-02-16,Calgary Flames,5,Pittsburgh Penguins,4
2019-02-16,Vancouver Canucks,2,San Jose Sharks,3
2019-02-16,Montreal Canadiens,0,Tampa Bay Lightning,3
2019-02-16,Nashville Predators,1,Vegas Golden Knights,5
2019-02-16,Ottawa Senators,4,Winnipeg Jets,3
2019-02-17,Washington Capitals,2,Anaheim Ducks,5
2019-02-17,Philadelphia Flyers,3,Detroit Red Wings,1
2019-02-17,Montreal Canadiens,3,Florida Panthers,6
2019-02-17,St. Louis Blues,4,Minnesota Wild,0
2019-02-17,Buffalo Sabres,1,New Jersey Devils,4
2019-02-17,New York Rangers,5,Pittsburgh Penguins,6
2019-02-18,Tampa Bay Lightning,5,Columbus Blue Jackets,1
2019-02-18,Arizona Coyotes,2,Calgary Flames,5
2019-02-18,Ottawa Senators,7,Chicago Blackhawks,8
2019-02-18,Vegas Golden Knights,0,Colorado Avalanche,3
2019-02-18,Washington Capitals,3,Los Angeles Kings,2
2019-02-18,Boston Bruins,6,San Jose Sharks,5
2019-02-19,New York Rangers,2,Carolina Hurricanes,1
2019-02-19,Nashville Predators,5,Dallas Stars,3
2019-02-19,Arizona Coyotes,3,Edmonton Oilers,2
2019-02-19,Buffalo Sabres,2,Florida Panthers,4
2019-02-19,Anaheim Ducks,4,Minnesota Wild,0
2019-02-19,Columbus Blue Jackets,2,Montreal Canadiens,3
2019-02-19,Pittsburgh Penguins,4,New Jersey Devils,3
2019-02-19,Tampa Bay Lightning,5,Philadelphia Flyers,2
2019-02-19,Toronto Maple Leafs,2,St. Louis Blues,3
2019-02-20,New York Islanders,2,Calgary Flames,4
2019-02-20,Winnipeg Jets,1,Colorado Avalanche,7
2019-02-20,Chicago Blackhawks,5,Detroit Red Wings,4
2019-02-20,Boston Bruins,3,Vegas Golden Knights,2
2019-02-21,St. Louis Blues,2,Dallas Stars,5
2019-02-21,New York Islanders,3,Edmonton Oilers,4
2019-02-21,Carolina Hurricanes,4,Florida Panthers,3
2019-02-21,Philadelphia Flyers,1,Montreal Canadiens,5
2019-02-21,Ottawa Senators,0,New Jersey Devils,4
2019-02-21,Los Angeles Kings,1,Nashville Predators,2
2019-02-21,Minnesota Wild,4,New York Rangers,1
2019-02-21,San Jose Sharks,4,Pittsburgh Penguins,0
2019-02-21,Buffalo Sabres,1,Tampa Bay Lightning,2
2019-02-21,Washington Capitals,3,Toronto Maple Leafs,2
2019-02-21,Arizona Coyotes,3,Vancouver Canucks,2
2019-02-22,Anaheim Ducks,1,Calgary Flames,2
2019-02-22,Colorado Avalanche,5,Chicago Blackhawks,3
2019-02-22,Minnesota Wild,3,Detroit Red Wings,2
2019-02-22,Columbus Blue Jackets,3,Ottawa Senators,0
2019-02-22,Winnipeg Jets,6,Vegas Golden Knights,3
2019-02-23,Washington Capitals,2,Buffalo Sabres,5
2019-02-23,San Jose Sharks,0,Columbus Blue Jackets,4
2019-02-23,Carolina Hurricanes,3,Dallas Stars,0
2019-02-23,Anaheim Ducks,1,Edmonton Oilers,2
2019-02-23,Los Angeles Kings,1,Florida Panthers,6
2019-02-23,Colorado Avalanche,5,Nashville Predators,0
2019-02-23,New Jersey Devils,2,New York Rangers,5
2019-02-23,Pittsburgh Penguins,3,Philadelphia Flyers,4
2019-02-23,Boston Bruins,1,St. Louis Blues,2
2019-02-23,Montreal Canadiens,3,Toronto Maple Leafs,6
2019-02-23,New York Islanders,4,Vancouver Canucks,0
2019-02-24,Winnipeg Jets,1,Arizona Coyotes,4
2019-02-24,Dallas Stars,4,Chicago Blackhawks,3
2019-02-24,San Jose Sharks,5,Detroit Red Wings,3
2019-02-24,St. Louis Blues,1,Minnesota Wild,2
2019-02-24,Calgary Flames,2,Ottawa Senators,1
2019-02-24,New York Rangers,5,Washington Capitals,6
2019-02-25,Florida Panthers,4,Colorado Avalanche,3
2019-02-25,Montreal Canadiens,1,New Jersey Devils,2
2019-02-25,Edmonton Oilers,2,Nashville Predators,3
2019-02-25,Los Angeles Kings,3,Tampa Bay Lightning,4
2019-02-25,Buffalo Sabres,3,Toronto Maple Leafs,5
2019-02-25,Anaheim Ducks,0,Vancouver Canucks,4
2019-02-26,Florida Panthers,3,Arizona Coyotes,4
2019-02-26,San Jose Sharks,1,Boston Bruins,4
2019-02-26,Los Angeles Kings,1,Carolina Hurricanes,6
2019-02-26,Pittsburgh Penguins,5,Columbus Blue Jackets,2
2019-02-26,Montreal Canadiens,8,Detroit Red Wings,1
2019-02-26,Calgary Flames,3,New York Islanders,1
2019-02-26,Buffalo Sabres,2,Philadelphia Flyers,5
2019-02-26,Nashville Predators,0,St. Louis Blues,2
2019-02-26,Dallas Stars,1,Vegas Golden Knights,4
2019-02-26,Minnesota Wild,3,Winnipeg Jets,2
2019-02-26,Ottawa Senators,2,Washington Capitals,7
2019-02-27,Chicago Blackhawks,4,Anaheim Ducks,3
2019-02-27,Vancouver Canucks,2,Colorado Avalanche,3
2019-02-27,Calgary Flames,2,New Jersey Devils,1
2019-02-27,Tampa Bay Lightning,4,New York Rangers,3
2019-02-27,Edmonton Oilers,2,Toronto Maple Leafs,6
2019-02-28,Vancouver Canucks,2,Arizona Coyotes,5
2019-02-28,Tampa Bay Lightning,1,Boston Bruins,4
2019-02-28,Philadelphia Flyers,3,Columbus Blue Jackets,4
2019-02-28,Dallas Stars,4,Los Angeles Kings,3
2019-02-28,Toronto Maple Leafs,1,New York Islanders,6
2019-02-28,Edmonton Oilers,4,Ottawa Senators,2
2019-02-28,Florida Panthers,5,Vegas Golden Knights,6
2019-03-01,Vegas Golden Knights,3,Anaheim Ducks,0
2019-03-01,Pittsburgh Penguins,3,Buffalo Sabres,4
2019-03-01,St. Louis Blues,2,Carolina Hurricanes,5
2019-03-01,Philadelphia Flyers,6,New Jersey Devils,3
2019-03-01,Washington Capitals,3,New York Islanders,1
2019-03-01,Montreal Canadiens,4,New York Rangers,2
2019-03-01,Colorado Avalanche,3,San Jose Sharks,4
2019-03-01,Nashville Predators,3,Winnipeg Jets,5
2019-03-02,Detroit Red Wings,1,Arizona Coyotes,3
2019-03-02,New Jersey Devils,0,Boston Bruins,1
2019-03-02,Edmonton Oilers,4,Columbus Blue Jackets,0
2019-03-02,Minnesota Wild,4,Calgary Flames,2
2019-03-02,Carolina Hurricanes,4,Florida Panthers,3
2019-03-02,Chicago Blackhawks,3,Los Angeles Kings,6
2019-03-02,Pittsburgh Penguins,5,Montreal Canadiens,1
2019-03-02,Dallas Stars,4,St. Louis Blues,1
2019-03-02,Ottawa Senators,1,Tampa Bay Lightning,5
2019-03-02,Buffalo Sabres,2,Toronto Maple Leafs,5
2019-03-03,Colorado Avalanche,1,Anaheim Ducks,2
2019-03-03,Winnipeg Jets,5,Columbus Blue Jackets,2
2019-03-03,Ottawa Senators,3,Florida Panthers,2
2019-03-03,Nashville Predators,3,Minnesota Wild,2
2019-03-03,Philadelphia Flyers,4,New York Islanders,1
2019-03-03,Washington Capitals,3,New York Rangers,2
2019-03-03,Chicago Blackhawks,2,San Jose Sharks,5
2019-03-03,Vancouver Canucks,0,Vegas Golden Knights,3
2019-03-04,Edmonton Oilers,4,Buffalo Sabres,3
2019-03-04,Toronto Maple Leafs,6,Calgary Flames,2
2019-03-05,Anaheim Ducks,3,Arizona Coyotes,1
2019-03-05,Carolina Hurricanes,3,Boston Bruins,4
2019-03-05,Detroit Red Wings,3,Colorado Avalanche,4
2019-03-05,New York Rangers,0,Dallas Stars,1
2019-03-05,Montreal Canadiens,3,Los Angeles Kings,1
2019-03-05,Columbus Blue Jackets,2,New Jersey Devils,1
2019-03-05,Minnesota Wild,4,Nashville Predators,5
2019-03-05,Ottawa Senators,4,New York Islanders,5
2019-03-05,Florida Panthers,2,Pittsburgh Penguins,3
2019-03-05,Winnipeg Jets,2,Tampa Bay Lightning,5
2019-03-06,St. Louis Blues,5,Anaheim Ducks,4
2019-03-06,Washington Capitals,5,Philadelphia Flyers,3
2019-03-06,Toronto Maple Leafs,2,Vancouver Canucks,3
2019-03-06,Calgary Flames,1,Vegas Golden Knights,2
2019-03-07,Calgary Flames,0,Arizona Coyotes,2
2019-03-07,Florida Panthers,3,Boston Bruins,4
2019-03-07,Buffalo Sabres,4,Chicago Blackhawks,5
2019-03-07,Colorado Avalanche,0,Dallas Stars,4
2019-03-07,New York Rangers,2,Detroit Red Wings,3
2019-03-07,Vancouver Canucks,2,Edmonton Oilers,3
2019-03-07,St. Louis Blues,4,Los Angeles Kings,0
2019-03-07,New York Islanders,4,Ottawa Senators,2
2019-03-07,Columbus Blue Jackets,0,Pittsburgh Penguins,3
2019-03-07,Montreal Canadiens,2,San Jose Sharks,5
2019-03-07,Minnesota Wild,3,Tampa Bay Lightning,0
2019-03-08,Montreal Canadiens,2,Anaheim Ducks,8
2019-03-08,Winnipeg Jets,8,Carolina Hurricanes,1
2019-03-08,Minnesota Wild,2,Florida Panthers,6
2019-03-08,New Jersey Devils,0,Washington Capitals,3
2019-03-09,Los Angeles Kings,2,Arizona Coyotes,4
2019-03-09,Ottawa Senators,2,Boston Bruins,3
2019-03-09,Pittsburgh Penguins,1,Columbus Blue Jackets,4
2019-03-09,Buffalo Sabres,0,Colorado Avalanche,3
2019-03-09,Chicago Blackhawks,2,Dallas Stars,1
2019-03-09,Toronto Maple Leafs,3,Edmonton Oilers,2
2019-03-09,Carolina Hurricanes,5,Nashville Predators,3
2019-03-09,Philadelphia Flyers,5,New York Islanders,2
2019-03-09,New Jersey Devils,2,New York Rangers,4
2019-03-09,St. Louis Blues,2,San Jose Sharks,3
2019-03-09,Detroit Red Wings,2,Tampa Bay Lightning,3
2019-03-09,Vegas Golden Knights,6,Vancouver Canucks,2
2019-03-10,Los Angeles Kings,3,Anaheim Ducks,2
2019-03-10,Vegas Golden Knights,3,Calgary Flames,6
2019-03-10,Detroit Red Wings,1,Florida Panthers,6
2019-03-10,Boston Bruins,2,Pittsburgh Penguins,4
2019-03-10,Winnipeg Jets,1,Washington Capitals,3
2019-03-11,Arizona Coyotes,1,Chicago Blackhawks,7
2019-03-11,Carolina Hurricanes,3,Colorado Avalanche,0
2019-03-11,New York Rangers,2,Edmonton Oilers,3
2019-03-11,San Jose Sharks,3,Minnesota Wild,0
2019-03-11,Columbus Blue Jackets,0,New York Islanders,2
2019-03-11,Ottawa Senators,2,Philadelphia Flyers,3
2019-03-11,Tampa Bay Lightning,6,Toronto Maple Leafs,2
2019-03-12,Nashville Predators,2,Anaheim Ducks,3
2019-03-12,Dallas Stars,2,Buffalo Sabres,0
2019-03-12,Boston Bruins,4,Columbus Blue Jackets,7
2019-03-12,New Jersey Devils,4,Calgary Flames,9
2019-03-12,Detroit Red Wings,1,Montreal Canadiens,3
2019-03-12,Washington Capitals,3,Pittsburgh Penguins,5
2019-03-12,Arizona Coyotes,3,St. Louis Blues,1
2019-03-12,San Jose Sharks,5,Winnipeg Jets,4
2019-03-13,New Jersey Devils,6,Edmonton Oilers,3
2019-03-13,Chicago Blackhawks,5,Toronto Maple Leafs,4
2019-03-13,New York Rangers,1,Vancouver Canucks,4
2019-03-14,Anaheim Ducks,1,Arizona Coyotes,6
2019-03-14,Pittsburgh Penguins,5,Buffalo Sabres,0
2019-03-14,Tampa Bay Lightning,5,Detroit Red Wings,4
2019-03-14,Nashville Predators,3,Los Angeles Kings,1
2019-03-14,Dallas Stars,4,Minnesota Wild,1
2019-03-14,Montreal Canadiens,1,New York Islanders,2
2019-03-14,St. Louis Blues,0,Ottawa Senators,2
2019-03-14,Washington Capitals,5,Philadelphia Flyers,2
2019-03-14,Florida Panthers,4,San Jose Sharks,2
2019-03-14,Boston Bruins,3,Winnipeg Jets,4
2019-03-15,Carolina Hurricanes,0,Columbus Blue Jackets,3
2019-03-15,New York Rangers,1,Calgary Flames,5
2019-03-15,Anaheim Ducks,5,Colorado Avalanche,3
2019-03-15,Vegas Golden Knights,2,Dallas Stars,1
2019-03-15,Philadelphia Flyers,6,Toronto Maple Leafs,7
2019-03-15,New Jersey Devils,3,Vancouver Canucks,2
2019-03-16,Edmonton Oilers,3,Arizona Coyotes,2
2019-03-16,Columbus Blue Jackets,1,Boston Bruins,2
2019-03-16,Buffalo Sabres,2,Carolina Hurricanes,4
2019-03-16,New York Islanders,1,Detroit Red Wings,2
2019-03-16,Florida Panthers,4,Los Angeles Kings,3
2019-03-16,New York Rangers,2,Minnesota Wild,5
2019-03-16,Chicago Blackhawks,2,Montreal Canadiens,0
2019-03-16,Toronto Maple Leafs,2,Ottawa Senators,6
2019-03-16,St. Louis Blues,5,Pittsburgh Penguins,1
2019-03-16,Nashville Predators,4,San Jose Sharks,2
2019-03-16,Washington Capitals,3,Tampa Bay Lightning,6
2019-03-16,Calgary Flames,1,Winnipeg Jets,2
2019-03-17,Florida Panthers,2,Anaheim Ducks,3
2019-03-17,St. Louis Blues,3,Buffalo Sabres,4
2019-03-17,New Jersey Devils,0,Colorado Avalanche,3
2019-03-17,Vancouver Canucks,3,Dallas Stars,2
2019-03-17,New York Islanders,3,Minnesota Wild,2
2019-03-17,Philadelphia Flyers,2,Pittsburgh Penguins,1
2019-03-17,Edmonton Oilers,3,Vegas Golden Knights,6
2019-03-18,Vancouver Canucks,3,Chicago Blackhawks,2
2019-03-18,Winnipeg Jets,3,Los Angeles Kings,2
2019-03-18,Vegas Golden Knights,7,San Jose Sharks,3
2019-03-18,Arizona Coyotes,1,Tampa Bay Lightning,4
2019-03-19,Pittsburgh Penguins,2,Carolina Hurricanes,3
2019-03-19,Columbus Blue Jackets,2,Calgary Flames,4
2019-03-19,Florida Panthers,2,Dallas Stars,4
2019-03-19,Colorado Avalanche,3,Minnesota Wild,1
2019-03-19,Washington Capitals,4,New Jersey Devils,1
2019-03-19,Toronto Maple Leafs,0,Nashville Predators,3
2019-03-19,Boston Bruins,5,New York Islanders,0
2019-03-19,Detroit Red Wings,3,New York Rangers,2
2019-03-19,Montreal Canadiens,3,Philadelphia Flyers,1
2019-03-19,Edmonton Oilers,2,St. Louis Blues,7
2019-03-20,Winnipeg Jets,3,Anaheim Ducks,0
2019-03-20,Toronto Maple Leafs,4,Buffalo Sabres,2
2019-03-20,Ottawa Senators,4,Vancouver Canucks,7
2019-03-20,Tampa Bay Lightning,5,Washington Capitals,4
2019-03-21,Tampa Bay Lightning,6,Carolina Hurricanes,3
2019-03-21,Ottawa Senators,1,Calgary Flames,5
2019-03-21,Philadelphia Flyers,3,Chicago Blackhawks,1
2019-03-21,Colorado Avalanche,3,Dallas Stars,1
2019-03-21,Columbus Blue Jackets,1,Edmonton Oilers,4
2019-03-21,Arizona Coyotes,2,Florida Panthers,4
2019-03-21,San Jose Sharks,2,Los Angeles Kings,4
2019-03-21,New York Islanders,0,Montreal Canadiens,4
2019-03-21,Boston Bruins,5,New Jersey Devils,1
2019-03-21,Pittsburgh Penguins,2,Nashville Predators,1
2019-03-21,Detroit Red Wings,2,St. Louis Blues,5
2019-03-21,Winnipeg Jets,0,Vegas Golden Knights,5
2019-03-22,San Jose Sharks,3,Anaheim Ducks,4
2019-03-22,Minnesota Wild,2,Washington Capitals,1
2019-03-23,Minnesota Wild,1,Carolina Hurricanes,5
2019-03-23,Chicago Blackhawks,2,Colorado Avalanche,4
2019-03-23,Pittsburgh Penguins,3,Dallas Stars,2
2019-03-23,Ottawa Senators,4,Edmonton Oilers,3
2019-03-23,Boston Bruins,7,Florida Panthers,3
2019-03-23,Anaheim Ducks,3,Los Angeles Kings,4
2019-03-23,Buffalo Sabres,4,Montreal Canadiens,7
2019-03-23,Arizona Coyotes,1,New Jersey Devils,2
2019-03-23,New York Islanders,4,Philadelphia Flyers,2
2019-03-23,Tampa Bay Lightning,3,St. Louis Blues,4
2019-03-23,New York Rangers,2,Toronto Maple Leafs,1
2019-03-23,Calgary Flames,3,Vancouver Canucks,1
2019-03-23,Detroit Red Wings,3,Vegas Golden Knights,2
2019-03-23,Nashville Predators,0,Winnipeg Jets,5
2019-03-24,Montreal Canadiens,1,Carolina Hurricanes,2
2019-03-24,Colorado Avalanche,1,Chicago Blackhawks,2
2019-03-24,Arizona Coyotes,0,New York Islanders,2
2019-03-24,Columbus Blue Jackets,5,Vancouver Canucks,0
2019-03-24,Philadelphia Flyers,1,Washington Capitals,3
2019-03-25,Los Angeles Kings,3,Calgary Flames,0
2019-03-25,Nashville Predators,1,Minnesota Wild,0
2019-03-25,Buffalo Sabres,1,New Jersey Devils,3
2019-03-25,Pittsburgh Penguins,5,New York Rangers,2
2019-03-25,Detroit Red Wings,3,San Jose Sharks,2
2019-03-25,Vegas Golden Knights,1,St. Louis Blues,3
2019-03-25,Boston Bruins,4,Tampa Bay Lightning,5
2019-03-25,Florida Panthers,5,Toronto Maple Leafs,7
2019-03-25,Dallas Stars,5,Winnipeg Jets,2
2019-03-26,Chicago Blackhawks,0,Arizona Coyotes,1
2019-03-26,New York Islanders,0,Columbus Blue Jackets,4
2019-03-26,Los Angeles Kings,4,Edmonton Oilers,8
2019-03-26,Florida Panthers,1,Montreal Canadiens,6
2019-03-26,Buffalo Sabres,0,Ottawa Senators,4
2019-03-26,Anaheim Ducks,5,Vancouver Canucks,4
2019-03-26,Carolina Hurricanes,1,Washington Capitals,4
2019-03-27,New York Rangers,3,Boston Bruins,6
2019-03-27,Dallas Stars,2,Calgary Flames,1
2019-03-27,Vegas Golden Knights,3,Colorado Avalanche,4
2019-03-27,Toronto Maple Leafs,4,Philadelphia Flyers,5
2019-03-28,Detroit Red Wings,5,Buffalo Sabres,4
2019-03-28,Washington Capitals,3,Carolina Hurricanes,2
2019-03-28,Montreal Canadiens,2,Columbus Blue Jackets,6
2019-03-28,Dallas Stars,3,Edmonton Oilers,2
2019-03-28,Florida Panthers,5,Ottawa Senators,2
2019-03-28,Chicago Blackhawks,5,San Jose Sharks,4
2019-03-28,Los Angeles Kings,2,Vancouver Canucks,3
2019-03-28,New York Islanders,5,Winnipeg Jets,4
2019-03-29,Anaheim Ducks,1,Calgary Flames,6
2019-03-29,Arizona Coyotes,2,Colorado Avalanche,3
2019-03-29,New Jersey Devils,0,Detroit Red Wings,4
2019-03-29,St. Louis Blues,2,New York Rangers,4
2019-03-29,Nashville Predators,3,Pittsburgh Penguins,1
2019-03-29,Minnesota Wild,3,Vegas Golden Knights,2
2019-03-30,Florida Panthers,4,Boston Bruins,1
2019-03-30,Philadelphia Flyers,2,Carolina Hurricanes,5
2019-03-30,Anaheim Ducks,5,Edmonton Oilers,1
2019-03-30,Chicago Blackhawks,2,Los Angeles Kings,3
2019-03-30,St. Louis Blues,3,New Jersey Devils,2
2019-03-30,Columbus Blue Jackets,5,Nashville Predators,2
2019-03-30,Buffalo Sabres,1,New York Islanders,5
2019-03-30,Toronto Maple Leafs,2,Ottawa Senators,4
2019-03-30,Vegas Golden Knights,3,San Jose Sharks,4
2019-03-30,Washington Capitals,6,Tampa Bay Lightning,3
2019-03-30,Dallas Stars,2,Vancouver Canucks,3
2019-03-30,Montreal Canadiens,3,Winnipeg Jets,1
2019-03-31,Minnesota Wild,0,Arizona Coyotes,4
2019-03-31,Columbus Blue Jackets,4,Buffalo Sabres,0
2019-03-31,Boston Bruins,3,Detroit Red Wings,6
2019-03-31,New York Rangers,3,Philadelphia Flyers,0
2019-03-31,Carolina Hurricanes,1,Pittsburgh Penguins,3
2019-03-31,Calgary Flames,5,San Jose Sharks,3
2019-04-01,Winnipeg Jets,4,Chicago Blackhawks,3
2019-04-01,Washington Capitals,3,Florida Panthers,5
2019-04-01,Calgary Flames,7,Los Angeles Kings,2
2019-04-01,New York Rangers,2,New Jersey Devils,4
2019-04-01,Toronto Maple Leafs,2,New York Islanders,1
2019-04-01,Tampa Bay Lightning,5,Ottawa Senators,2
2019-04-01,Colorado Avalanche,2,St. Louis Blues,3
2019-04-01,Edmonton Oilers,1,Vegas Golden Knights,3
2019-04-02,Los Angeles Kings,3,Arizona Coyotes,1
2019-04-02,Nashville Predators,3,Buffalo Sabres,2
2019-04-02,Boston Bruins,6,Columbus Blue Jackets,2
2019-04-02,Edmonton Oilers,2,Colorado Avalanche,6
2019-04-02,Philadelphia Flyers,2,Dallas Stars,6
2019-04-02,Pittsburgh Penguins,1,Detroit Red Wings,4
2019-04-02,Winnipeg Jets,1,Minnesota Wild,5
2019-04-02,Tampa Bay Lightning,2,Montreal Canadiens,4
2019-04-02,Carolina Hurricanes,4,Toronto Maple Leafs,1
2019-04-02,San Jose Sharks,2,Vancouver Canucks,4
2019-04-03,Calgary Flames,1,Anaheim Ducks,3
2019-04-03,St. Louis Blues,3,Chicago Blackhawks,4
2019-04-03,Ottawa Senators,4,New York Rangers,1
2019-04-04,Ottawa Senators,2,Buffalo Sabres,5
2019-04-04,New Jersey Devils,1,Carolina Hurricanes,3
2019-04-04,Winnipeg Jets,2,Colorado Avalanche,3
2019-04-04,San Jose Sharks,3,Edmonton Oilers,2
2019-04-04,New York Islanders,2,Florida Panthers,1
2019-04-04,Boston Bruins,3,Minnesota Wild,0
2019-04-04,Vancouver Canucks,2,Nashville Predators,3
2019-04-04,Detroit Red Wings,1,Pittsburgh Penguins,4
2019-04-04,Philadelphia Flyers,3,St. Louis Blues,7
2019-04-04,Tampa Bay Lightning,3,Toronto Maple Leafs,1
2019-04-04,Arizona Coyotes,4,Vegas Golden Knights,1
2019-04-04,Montreal Canadiens,1,Washington Capitals,2
2019-04-05,Los Angeles Kings,2,Anaheim Ducks,5
2019-04-05,Dallas Stars,1,Chicago Blackhawks,6
2019-04-05,Columbus Blue Jackets,3,New York Rangers,2
2019-04-06,Winnipeg Jets,4,Arizona Coyotes,2
2019-04-06,Tampa Bay Lightning,6,Boston Bruins,3
2019-04-06,Edmonton Oilers,3,Calgary Flames,1
2019-04-06,Minnesota Wild,0,Dallas Stars,3
2019-04-06,Buffalo Sabres,7,Detroit Red Wings,1
2019-04-06,New Jersey Devils,4,Florida Panthers,3
2019-04-06,Vegas Golden Knights,2,Los Angeles Kings,5
2019-04-06,Toronto Maple Leafs,5,Montreal Canadiens,6
2019-04-06,Chicago Blackhawks,2,Nashville Predators,5
2019-04-06,Columbus Blue Jackets,6,Ottawa Senators,2
2019-04-06,Carolina Hurricanes,4,Philadelphia Flyers,3
2019-04-06,New York Rangers,4,Pittsburgh Penguins,3
2019-04-06,Colorado Avalanche,2,San Jose Sharks,5
2019-04-06,Vancouver Canucks,2,St. Louis Blues,3
2019-04-06,New York Islanders,3,Washington Capitals,0
